Seen,Title,Alt,Year
FALSE,A Trip to the Moon ,Le Voyage Dans La Lune,1902
FALSE,The Great Train Robbery ,,1903
FALSE,The Birth of a Nation ,,1915
FALSE,Les Vampires ,,1915
FALSE,Intolerance ,,1916
FALSE,Broken Blossoms ,,1919
FALSE,The Cabinet of Dr. Caligari ,Das Kabinett des Doktor Caligari,1920
FALSE,Within Our Gates ,,1920
FALSE,Way Down East ,,1920
FALSE,The Phantom Carriage ,Körkarlen,1921
FALSE,Orphans of the Storm ,,1921
FALSE,"Dr. Mabuse, the Gambler ","Dr. Mabuse, der Spieler",1922
FALSE,The Smiling Madame Beudet ,La Souriante Madame Beudet,1922
TRUE,"Nosferatu","Nosferatu, eine Symphonie des Grauens",1922
FALSE,Nanook of the North ,,1922
FALSE,Foolish Wives ,,1922
FALSE,The Wheel ,La Roue,1923
FALSE,Häxan ,Haxen,1923
FALSE,Our Hospitality ,,1923
FALSE,The Last Laugh ,Der Letzte Mann,1924
FALSE,Strike ,Stachka,1924
FALSE,"Sherlock, Jr. ",,1924
FALSE,The Great White Silence ,,1922
FALSE,Greed ,,1924
FALSE,The Thief of Bagdad ,,1924
FALSE,Battleship Potemkin ,Bronenosets Potyomkin,1925
FALSE,The Eagle ,,1925
FALSE,The Phantom of the Opera ,,1925
FALSE,The Gold Rush ,,1925
FALSE,The Big Parade ,,1925
FALSE,Seven Chances ,,1925
FALSE,The Adventures of Prince Achmed ,Die Abenteuer des Prinzen Achmed,1926
FALSE,October ,Oktyabr,1927
FALSE,Metropolis ,,1927
FALSE,Sunrise ,,1927
FALSE,The General ,,1926
FALSE,The Unknown ,,1927
FALSE,The Jazz Singer ,,1927
FALSE,Napoléon,,1927
FALSE,The Kid Brother ,,1927
FALSE,The Passion of Joan of Arc ,La Passion de Jeanne d'Arc,1928
FALSE,Storm Over Asia ,Potomok Chingis-khana,1928
FALSE,An Andalusian Dog ,Un Chien Andalou,1928
FALSE,The Crowd ,,1928
FALSE,The Docks of New York ,,1928
FALSE,Steamboat Bill, Jr. ,,1928
FALSE,The Man with the Movie Camera ,Chelovek S Kinoapparatom,1929
FALSE,Pandora's Box ,Die Büchse der Pandora,1929
FALSE,A Throw of Dice ,Prapancha Pash,1929
FALSE,Blackmail ,,1929
FALSE,The Blue Angel ,Der Blaue Engel,1930
FALSE,The Age of Gold ,L'Âge d'or,1930
FALSE,Earth ,Zemlya,1930
FALSE,All Quiet on the Western Front ,,1930
FALSE,The Bitch ,La Chienne,1931
FALSE,The Million ,Le Million,1931
FALSE,Little Caesar ,,1931
FALSE,Freedom for Us ,À Nous la Liberté,1931
FALSE,Limite ,,1931
FALSE,Tabu ,,1931
FALSE,City Lights ,,1931
FALSE,Dracula ,,1931
FALSE,Frankenstein ,,1931
FALSE,The Public Enemy ,,1931
FALSE,M ,M - Eine Stadt sucht einen Mörder,1931
FALSE,Boudu Saved from Drowning ,Boudu Sauvé des Eaux,1932
FALSE,The Vampire ,Vampyr,1932
FALSE,I Am a Fugitive From a Chain Gang ,,1932
FALSE,Love Me Tonight ,,1932
FALSE,Shanghai Express ,,1932
FALSE,Trouble in Paradise ,,1932
FALSE,Scarface,,1932
FALSE,Freaks ,,1932
FALSE,Me and My Gal ,,1932
FALSE,Land Without Bread ,Las Hurdes,1933
FALSE,Zero for Conduct ,Zéro de Conduite,1933
FALSE,42nd Street ,,1933
FALSE,Footlight Parade ,,1933
FALSE,The Bitter Tea of General Yen ,,1933
FALSE,She Done Him Wrong ,,1933
FALSE,Duck Soup ,,1933
FALSE,Gold Diggers of 1933 ,,1933
FALSE,King Kong ,,1933
FALSE,Sons of the Desert ,,1933
FALSE,Queen Christina ,,1933
FALSE,The Goddess ,Shen nu,1934
FALSE,Triumph of the Will ,Triumph des Willens,1934
FALSE,It's a Gift ,,1934
FALSE,It Happened One Night ,,1934
FALSE,L'Atalante ,,1934
FALSE,The Black Cat ,,1934
FALSE,The Thin Man ,,1934
FALSE,Judge Priest ,,1934
FALSE,Mutiny on the Bounty ,,1935
FALSE,The 39 Steps ,,1935
FALSE,A Night at the Opera ,,1935
FALSE,Bride of Frankenstein ,,1935
FALSE,Captain Blood ,,1935
FALSE,Top Hat ,,1935
FALSE,Peter Ibbetson ,,1935
FALSE,The Story of a Cheat ,Le Roman d'un Tricheur,1936
FALSE,A Day in the Country ,Une Partie de Campagne,1936
FALSE,Modern Times ,,1936
FALSE,Swing Time ,,1936
FALSE,Mr. Deeds Goes to Town ,,1936
FALSE,My Man Godfrey ,,1936
FALSE,Camille ,,1936
FALSE,Things to Come ,,1936
FALSE,Dodsworth ,,1936
FALSE,Sabotage ,,1936
FALSE,Grand Illusion ,La Grande Illusion,1937
FALSE,Midnight Song ,Ye Ban Ge Sheng,1937
FALSE,Pépé le Moko ,,1937
FALSE,Make Way for Tomorrow ,,1937
FALSE,Stella Dallas ,,1937
FALSE,Snow White and the Seven Dwarfs,,1937
FALSE,Captains Courageous ,,1937
FALSE,The Awful Truth ,,1937
FALSE,The Life of Emile Zola ,,1937
FALSE,The Baker's Wife ,La Femme du Boulanger,1938
FALSE,Olympia Part One: Festival of the Nations,Olympia 1. Teil: Fest der Völker,1938
FALSE,Olympia Part Two: Festival of Beauty,Olympia 2. Teil: Fest der Schönheit,1938
FALSE,Jezebel ,,1938
FALSE,The Adventures of Robin Hood ,,1938
FALSE,Angels with Dirty Faces ,,1938
FALSE,Bringing Up Baby ,,1938
FALSE,The Lady Vanishes ,,1938
FALSE,The Rules of the Game ,La Régle du Jeu,1939
FALSE,Daybreak ,Le jour se lève,1939
FALSE,The Story of the Late Chrysanthemums ,Zangiku Monogatari,1939
FALSE,Wuthering Heights ,,1939
FALSE,Mr. Smith Goes to Washington ,,1939
FALSE,Stagecoach ,,1939
FALSE,Only Angels Have Wings ,,1939
FALSE,Destry Rides Again ,,1939
FALSE,Gone With the Wind ,,1939
FALSE,Gunga Din ,,1939
FALSE,Ninotchka ,,1939
FALSE,The Wizard of Oz ,,1939
FALSE,Babes in Arms ,,1939
FALSE,His Girl Friday ,,1940
FALSE,Fantasia ,,1940
FALSE,Rebecca ,,1940
FALSE,The Philadelphia Story ,,1940
FALSE,The Grapes of Wrath ,,1940
FALSE,The Mortal Storm ,,1940
FALSE,The Bank Dick ,,1940
FALSE,Pinocchio ,,1940
FALSE,"Dance, Girl, Dance ",,1940
FALSE,Citizen Kane ,,1941
FALSE,Sergeant York ,,1941
FALSE,The Lady Eve ,,1941
FALSE,The Wolf Man ,,1941
FALSE,High Sierra ,,1941
FALSE,How Green Was My Valley ,,1941
FALSE,Sullivan's Travels ,,1941
FALSE,The Maltese Falcon ,,1941
FALSE,Dumbo ,,1941
FALSE,The Palm Beach Story ,,1942
FALSE,"Now, Voyager ",,1942
FALSE,To Be Or Not To Be ,,1942
FALSE,The Magnificent Ambersons ,,1942
FALSE,Yankee Doodle Dandy ,,1942
FALSE,Mrs. Miniver ,,1942
TRUE,Casablanca ,,1942
FALSE,Cat People ,,1942
FALSE,Fires Were Started ,,1943
FALSE,The Ox-Bow Incident ,,1943
FALSE,The Life and Death of Colonel Blimp ,,1943
FALSE,Meshes of the Afternoon ,,1943
FALSE,The Seventh Victim ,,1943
FALSE,The Man in Grey ,,1943
FALSE,Shadow of a Doubt ,,1943
FALSE,Ossessione ,,1943
FALSE,I Walked with a Zombie ,,1943
FALSE,"Murder, My Sweet ",Farewell My Lovely,1944
FALSE,"Ivan the Terrible, Part I ",Ivan Groznyj,1944
FALSE,Laura ,,1944
FALSE,Meet Me in St. Louis ,,1944
FALSE,To Have and Have Not ,,1944
FALSE,Gaslight ,,1944
FALSE,Henry V ,,1944
FALSE,Double Indemnity ,,1944
FALSE,The Children of Paradise ,Les Enfants du Paradis,1945
FALSE,"Rome, Open City ","Roma, Città Aperta",1945
FALSE,Mildred Pierce ,,1945
FALSE,Detour ,,1945
FALSE,I Know Where I'm Going! ,,1945
FALSE,The Lost Weekend ,,1945
FALSE,The Battle of San Pietro ,,1945
FALSE,Brief Encounter ,,1945
FALSE,Spellbound ,,1945
FALSE,Beauty and the Beast ,La Belle et la Bête,1946
FALSE,The Best Years of Our Lives ,,1946
FALSE,Paisan ,,1946
FALSE,The Postman Always Rings Twice ,,1946
FALSE,The Killers ,,1946
FALSE,It's a Wonderful Life ,,1946
FALSE,The Big Sleep ,,1946
FALSE,Gilda ,,1946
FALSE,A Matter of Life and Death ,,1946
FALSE,Great Epectations ,,1946
FALSE,My Darling Clementine ,,1946
FALSE,Notorious ,,1946
FALSE,Black Narcissus ,,1946
FALSE,The Stranger ,,1946
FALSE,Out of the Past ,,1947
FALSE,Monsieur Verdoux ,,1947
FALSE,Odd Man Out ,,1947
FALSE,The Ghost and Mrs. Muir ,,1947
FALSE,The Bicycle Thief ,Ladri di Biciclette,1948
FALSE,Spring in a Small Town ,Xiao Cheng Zhi Chun,1948
FALSE,Letter From an Unknown Woman ,,1948
FALSE,Secret Beyond the Door ,,1948
FALSE,Force of Evil ,,1948
FALSE,Red River ,,1948
FALSE,The Paleface ,,1948
FALSE,The Snake Pit ,,1948
FALSE,The Lady From Shanghai ,,1948
FALSE,Rope ,,1948
FALSE,The Red Shoes ,,1948
FALSE,The Treasure of the Sierra Madre ,,1948
FALSE,Louisiana Story ,,1948
FALSE,Gun Crazy ,,1949
FALSE,The Reckless Moment ,,1949
FALSE,White Heat ,,1949
FALSE,Adam's Rib ,,1949
FALSE,The Heiress ,,1949
FALSE,The Third Man ,,1949
FALSE,Kind Hearts and Coronets ,,1949
FALSE,Whiskey Galore! ,,1949
FALSE,On the Town ,,1949
FALSE,The Young and the Damned ,Los Olvidados,1950
FALSE,Orpheus ,Orphée,1950
FALSE,The Asphalt Jungle ,,1950
FALSE,Rashomon ,,1950
FALSE,All About Eve ,,1950
FALSE,Winchester '73 ,,1950
FALSE,Rio Grande ,,1950
FALSE,Sunset Blvd. ,,1950
FALSE,In a Lonely Place ,,1950
FALSE,The Big Carnival ,Ace in the Hole,1951
FALSE,Diary of a Country Priest ,Journal d'un Curé de Campagne,1951
FALSE,Strangers on a Train ,,1951
FALSE,A Streetcar Named Desire ,,1951
FALSE,An American in Paris ,,1951
FALSE,Pandora and the Flying Dutchman ,,1951
FALSE,The African Queen ,,1951
FALSE,A Place in the Sun ,,1951
FALSE,The Lavender Hill Mob ,,1951
FALSE,The Day the Earth Stood Still ,,1951
FALSE,To Live ,Ikiru,1952
FALSE,Forbidden Games ,Jeux Interdits,1952
FALSE,The Quiet Man ,,1952
FALSE,Europa '51 ,,1952
FALSE,Singin' In the Rain ,,1952
FALSE,The Bad and the Beautiful ,,1952
FALSE,Umberto D ,,1952
FALSE,High Noon ,,1952
FALSE,Angel Face ,,1952
FALSE,The Big Sky ,,1952
FALSE,The Golden Coach ,Le Carrosse d'or,1953
FALSE,Wages of Fear ,Le Salaire de la Peur,1953
FALSE,Mr. Hulot's Holiday ,Les Vacances de M. Hulot,1953
FALSE,Summer with Monika ,Sommaren med Monika,1953
FALSE,Tales of Ugetsu ,Ugetsu Monogatari,1953
FALSE,Voyage in Italy ,Viaggio in Italia,1953
FALSE,Pickup on South Street ,,1953
FALSE,The Band Wagon ,,1953
FALSE,The Earrings of Madame De... ,,1953
FALSE,The Bigamist ,,1953
FALSE,The Naked Spur ,,1953
FALSE,Tokyo Story ,,1953
FALSE,From Here to Eternity ,,1953
FALSE,Shane ,,1953
FALSE,Gentlemen Prefer Blondes ,,1953
FALSE,Roman Holiday ,,1953
FALSE,The Big Heat ,,1953
FALSE,Beat the Devil ,,1953
FALSE,The Road ,La Strada,1954
FALSE,The Wanton Countess ,Senso,1954
FALSE,Seven Samurai ,Shichinin no Samurai,1954
FALSE,On the Waterfront ,,1954
FALSE,Les Diaboliques ,,1954
FALSE,A Star is Born ,,1954
FALSE,Rear Window ,,1954
FALSE,Silver Lode ,,1954
FALSE,The Barefoot Contessa ,,1954
FALSE,Sansho the Baliff ,,1954
FALSE,Carmen Jones ,,1954
FALSE,Johnny Guitar ,,1954
FALSE,Salt of the Earth ,,1954
FALSE,Seven Brides for Seven Brothers ,,1954
FALSE,Animal Farm ,,1954
FALSE,Bob the Gambler ,Bob le Flambeur,1955
FALSE,The Mad Masters ,Les Maîtres Fous,1955
FALSE,The Sins of Lola Montes ,Lola Montès,1955
FALSE,Night and Fog ,Nuit et Brouillard,1955
FALSE,Smiles of a Summer Night ,Sommarnattens Leende,1955
FALSE,Pather Panchali ,,1955
FALSE,Ordet ,,1955
FALSE,Marty ,,1955
FALSE,Artists and Models ,,1955
FALSE,Rebel Without a Cause ,,1955
FALSE,Hill 24 Doesn't Answer ,,1955
FALSE,Bad Day at Black Rock ,,1955
FALSE,The Phenix City Story ,,1955
FALSE,The Man with the Golden Arm ,,1955
FALSE,Kiss Me Deadly ,,1955
FALSE,Guys and Dolls ,,1955
FALSE,The Night of the Hunter ,,1955
FALSE,The Ladykillers ,,1955
FALSE,Oklahoma! ,,1955
FALSE,All That Heaven Allows ,,1955
FALSE,The Man From Laramie ,,1955
FALSE,The Burmese Harp ,Biruma no Tategoto,1956
FALSE,A Man Escaped ,Un Condamné à Mort s'est Échappé ou le Vent Souffle où il Veut,1956
FALSE,The Ten Commandments ,,1956
FALSE,The Searchers ,,1956
FALSE,Forbidden Planet ,,1956
FALSE,Written on the Wind ,,1956
FALSE,Bigger Than Life ,,1956
FALSE,Invasion of the Body Snatchers ,,1956
FALSE,Giant ,,1956
FALSE,The Wrong Man ,,1956
FALSE,High Society ,,1956
FALSE,The Man Who Knew Too Much ,,1956
FALSE,The Unvanquished ,Aparajito,1957
FALSE,Mother India ,Bharat Mata,1957
FALSE,The Seventh Seal ,Det Sjunde Inseglet,1957
FALSE,Throne of Blood ,Kumonosu Jo,1957
FALSE,Nights of Cabiria ,Le Notti di Cabiria,1957
FALSE,The Cranes are Flying ,Letjat Zhuravli,1957
FALSE,Wild Strawberries ,Smultronstället,1957
FALSE,Paths of Glory ,,1957
FALSE,An Affair to Remember ,,1957
FALSE,12 Angry Men ,,1957
FALSE,The Incredible Shrinking Man ,,1957
FALSE,Gunfight at the O.K. Corral ,,1957
FALSE,The Bridge on the River Kwai ,,1957
FALSE,Sweet Smell of Success ,,1957
FALSE,Cairo Station ,Bab el Hadid,1958
FALSE,"Ivan the Terrible, Part II: The Boyars’ Plot ",Ivan Groznyj: Skaz Vtoroy – Boyarskiy Zagovor,1958
FALSE,The Music Room ,Jalsaghar,1958
FALSE,My Uncle ,Mon Oncle,1958
FALSE,Ashes and Diamonds ,Popiól i Diament,1958
FALSE,Touch of Evil ,,1958
FALSE,Gigi ,,1958
FALSE,The Defiant Ones ,,1958
FALSE,Man of the West ,,1958
FALSE,Vertigo ,,1958
FALSE,Some Came Running ,,1958
FALSE,Dracula ,,1958
FALSE,The World of Apu ,Apur Sansar,1959
FALSE,The 400 Blows ,Les Quatre Cents Coups,1959
FALSE,Black Orpheus ,Orfeu Negro,1959
FALSE,Floating Weeds ,Ukigusa,1959
FALSE,Some Like It Hot ,,1959
FALSE,North by Northwest ,,1959
FALSE,Pickpocket ,,1959
FALSE,Hiroshima Mon Amour ,,1959
FALSE,Ride Lonesome ,,1959
FALSE,Ben-Hur ,,1959
FALSE,Anatomy of a Murder ,,1959
FALSE,Shadows ,,1959
FALSE,Rio Bravo ,,1959
FALSE,Breathless ,A Bout de Souffle,1960
FALSE,The Housemaid ,Hanyeo,1960
FALSE,The Adventure ,L'Avventura,1960
FALSE,The Young One ,La Joven,1960
FALSE,Black Sunday ,La Maschera del Demonio / Revenge of the Vampire,1960
FALSE,The Hole ,Le Trou,1960
FALSE,Eyes Without a Face ,Les Yeux Sans Visage,1960
FALSE,The Cloud-Capped Star ,Meghe Dhaka Tara,1960
FALSE,Rocco and his Brothers ,Rocco e i Suoi Fratelli,1960
FALSE,Shoot the Piano Player ,Tirez sur le Pianiste,1960
FALSE,Saturday Night and Sunday Morning ,,1960
FALSE,La Dolce Vita ,,1960
FALSE,Spartacus ,,1960
FALSE,The Apartment ,,1960
FALSE,Psycho ,,1960
FALSE,Peeping Tom ,,1960
FALSE,Last Year at Marienbad ,L'Année Dernière à Marienbad,1961
FALSE,The Night ,La Notte,1961
FALSE,Through a Glass Darkly ,Såsom i en Spegel,1961
FALSE,Splendor in the Grass ,,1961
FALSE,Viridiana ,,1961
FALSE,Breakfast at Tiffany's ,,1961
FALSE,Lola ,,1961
FALSE,The Exiles ,,1961
FALSE,West Side Story ,,1961
FALSE,The Hustler ,,1961
FALSE,The Ladies Man ,,1961
FALSE,Chronicle of a Summer ,,1961
FALSE,One-Eyed Jacks ,,1961
FALSE,Cleo From 5 to 7 ,Cléo de 5 à 7,1962
FALSE,The Exterminating Angel ,El Ángel Exterminador,1962
FALSE,Jules and Jim ,Jules et Jim,1962
FALSE,The Eclipse ,L'Eclisse,1962
FALSE,The Pier ,La Jetée,1962
FALSE,A Dog's Life ,Mondo Cane,1962
FALSE,The Given Word,O Pagador de Promessas,1962
FALSE,An Autumn Afternoon ,Sanma no Aji,1962
FALSE,My Life to Live ,Vivre sa Vie: Film en Douze Tableaux,1962
FALSE,Lolita ,,1962
FALSE,The Man Who Shot Liberty Valance ,,1962
FALSE,Heaven and Earth Magic ,,1962
FALSE,Lawrence of Arabia ,,1962
FALSE,To Kill a Mockingbird ,,1962
FALSE,The Manchurian Candidate ,,1962
FALSE,What Ever Happened to Baby Jane? ,,1962
FALSE,The Leopard ,Il Gattopardo,1963
FALSE,The House is Black ,Khaneh Siah Ast,1963
FALSE,Contempt ,Le Mépris,1963
FALSE,Winter Light ,Nattvardsgästerna,1963
FALSE,Passenger ,Pasazerka,1963
FALSE,Barren Lives ,Vidas Secas,1963
FALSE,An Actor's Revenge ,Yukinojo Henge,1963
FALSE,8 1/2 ,,1963
FALSE,The Birds ,,1963
FALSE,The Servant ,,1963
FALSE,Flaming Creatures ,,1963
FALSE,Hud ,,1963
FALSE,Shock Corridor ,,1963
FALSE,Blonde Cobra ,,1963
FALSE,The Cool World ,,1963
FALSE,The Nutty Professor ,,1963
FALSE,The Great Escape ,,1963
FALSE,Méditerranée ,,1963
FALSE,The Haunting ,,1963
TRUE,Dog Star Man,,1964
FALSE,"Black God, White Devil ",Deus e o Diabo na Terra do Sol,1964
FALSE,The Red Desert ,Il Deserto Rosso,1964
FALSE,The Gospel According to St. Matthew ,Il Vangelo Secondo Matteo,1964
FALSE,The Umbrellas of Cherbourg ,Les Parapluies de Cherbourg,1964
FALSE,The Demon ,Onibaba,1964
FALSE,Before the Revolution ,Prima Della Rivoluzione,1964
FALSE,Woman in the Dunes ,Suna no Onna,1964
FALSE,Goldfinger ,,1964
FALSE,My Fair Lady ,,1964
FALSE,Scorpio Rising ,,1964
FALSE,Marnie ,,1964
FALSE,The Masque of the Red Death ,,1964
FALSE,"Dr. Strangelove, or: How I Learned to Stop Worrying and Love the Bomb ",,1964
FALSE,A Hard Day's Night ,,1964
FALSE,Gertrud ,,1964
FALSE,Mary Poppins ,,1964
FALSE,Alphaville ,"Alphaville, une Étrange Aventure de Lemmy Caution",1965
FALSE,Chimes at Midnight ,Campanadas a Medianoche,1965
FALSE,The Man Who Had His Hair Cut Short ,De man die Zijn Haar Kort Liet Knippen,1965
FALSE,Juliet of the Spirits ,Giuletta Degli Spiriti,1965
FALSE,The Battle of Algiers ,La Battaglia di Algeri,1965
FALSE,The Shop on Main Street ,Obchod na Korze,1965
FALSE,Pierrot Goes Wild ,Pierrot le Fou,1965
FALSE,The Saragossa Manuscript ,Rekopis Znaleziony w Saragossie,1965
FALSE,Golden River ,Subarnarekha,1965
FALSE,Shadows of Forgotten Ancestors ,Tini Zabutykh Predkiv,1965
FALSE,Tokyo Olympiad ,Tokyo Orimpikku,1965
FALSE,Doctor Zhivago ,,1965
FALSE,The War Game ,,1965
FALSE,The Sound of Music ,,1965
FALSE,"Faster, Pussycat! Kill! Kill! ",,1965
FALSE,Vinyl ,,1965
FALSE,Repulsion ,,1965
FALSE,Andrei Rublev ,Andrei Rublyov,1966
FALSE,Balthazar ,Au Hasard Balthazar,1966
FALSE,Come Drink With Me ,Da Zui Xia,1966
FALSE,"The Good, the Bad, and the Ugly ","Il Buono, il Brutto, il Cattivo",1966
FALSE,Masculine-Feminine ,"Masculin, Féminin",1966
FALSE,Daisies ,Sedmikrasky,1966
FALSE,Hold Me While I'm Naked ,,1966
FALSE,Who's Afraid of Virginia Woolf? ,,1966
FALSE,Blowup ,,1966
FALSE,Seconds ,,1966
FALSE,Persona ,,1966
FALSE,Two or Three Things I Know About Her , ou 3 Choses Que je Sais D'elle,1967
FALSE,The Red and the White ,"Csillagosok, Katonák",1967
FALSE,"The Fireman's Ball" ,"Horí, Má Panenko",1967
FALSE,The Young Girls of Rochefort ,Les Demoiselles de Rochefort,1967
FALSE,Closely Watched Trains ,Ostre Sledované Vlaky,1967
FALSE,Earth Entranced ,Terra em Transe,1967
FALSE,Report ,,1967
FALSE,Belle de Jour ,,1967
FALSE,Cool Hand Luke ,,1967
FALSE,Playtime ,,1967
FALSE,The Graduate ,,1967
FALSE,Point Blank ,,1967
FALSE,Week End ,,1967
FALSE,The Godson ,,1967
FALSE,Wavelength ,,1967
FALSE,In the Heat of the Night ,,1967
FALSE,Marketa Lazarová ,,1967
FALSE,The Jungle Book ,,1967
FALSE,Bonnie and Clyde ,,1967
FALSE,Viy ,,1967
FALSE,Hombre ,,1967
FALSE,Once Upon a Time in the West ,C'era una Volta il West,1968
FALSE,Memories of Underdevelopment ,Memorias del Subdesarrollo,1968
FALSE,The Color of Pomengranates ,Sayat Nova,1968
FALSE,Shame ,Skammen,1968
FALSE,Hour of the Wolf ,Vargtimmen,1968
FALSE,Faces ,,1968
FALSE,Planet of the Apes ,,1968
FALSE,Rosemary's Baby ,,1968
FALSE,If... ,,1968
FALSE,David Holzman's Diary ,,1968
FALSE,High School ,,1968
FALSE,2001: A Space Odyssey ,,1968
FALSE,Night of the Living Dead ,,1968
FALSE,Targets ,,1968
FALSE,The Producers ,,1968
FALSE,The Cow ,Gaav,1969
FALSE,A Touch of Zen ,Hsia Nu,1971
FALSE,My Night at Maud's ,Ma Nuit Chez Maud,1969
FALSE,Z ,,1969
FALSE,Fellini Satyricon ,,1969
FALSE,Midnight Cowboy ,,1969
FALSE,Butch Cassidy and the Sundance Kid ,,1969
FALSE,Easy Rider ,,1969
FALSE,Kes ,,1969
FALSE,Lucía ,,1969
FALSE,In the Year of the Pig ,,1969
FALSE,The Wild Bunch ,,1969
FALSE,The Conformist ,Il Conformista,1970
FALSE,The Garden of the Finzi-Continis ,Il Giardino dei Finzi-Contini,1970
FALSE,The Bird with the Crystal Plumage ,L'uccello Dalle Piume de Cristallo,1970
FALSE,The Spider's Stratagem ,La Strategia del Ragno,1970
FALSE,The Butcher ,Le Boucher,1970
FALSE,The Ear ,Ucho,1970
FALSE,Tristana ,,1970
FALSE,El Topo ,,1970
FALSE,Five Easy Pieces ,,1970
FALSE,Deep End ,,1970
FALSE,Little Big Man ,,1970
FALSE,Patton ,,1970
FALSE,M*A*S*H ,,1970
FALSE,Zabriskie Point ,,1970
FALSE,Performance ,,1970
FALSE,Woodstock ,,1970
FALSE,Gimme Shelter ,,1970
FALSE,Murmur of the Heart ,Le Souffle au Coeur,1971
FALSE,W.R.: Mysteries of the Organism ,W.R.: Misterije Organizma,1971
FALSE,Dirty Harry ,,1971
FALSE,A Clockwork Orange ,,1971
FALSE,McCabe and Mrs. Miller ,,1971
FALSE,The Sorrow and the Pity ,,1971
FALSE,Willy Wonka and the Chocolate Factory ,,1971
FALSE,The Devils ,,1971
FALSE,The Hired Hand ,,1971
FALSE,Walkabout ,,1971
FALSE,Klute ,,1971
FALSE,Harold and Maude ,,1971
FALSE,The French Connection ,,1971
FALSE,Get Carter ,,1971
FALSE,Shaft ,,1971
FALSE,Sweet Sweetback's Baadasssss Song ,,1971
FALSE,The Last Picture Show ,,1971
FALSE,Wanda ,,1971
FALSE,Straw Dogs ,,1971
FALSE,Two-Lane Blacktop ,,1971
FALSE,Wake in Fright ,,1971
FALSE,"Aguirre, the Wrath of God ","Aguirre, der Zorn Gottes",1972
FALSE,The Bitter Tears of Petra Von Kant ,Die Bitteren Tränen der Petra Von Kant,1972
FALSE,The Discreet Charm of the Bourgeoisie ,Le Charme Discret de la Bourgeoisie,1972
FALSE,Red Psalm ,Még Kér a Nép,1972
FALSE,Solaris ,Solyaris,1972
FALSE,Last Tango in Paris ,Ultimo Tango a Parigi,1972
FALSE,Cries and Whispers ,Viskingar och Rop,1972
FALSE,Deliverance ,,1972
TRUE,Cabaret ,,1972
FALSE,The Godfather ,,1972
FALSE,Fat City ,,1972
FALSE,The Heartbreak Kid ,,1972
FALSE,Frenzy ,,1972
FALSE,Pink Flamingoes ,,1972
FALSE,Sleuth ,,1972
FALSE,Superfly ,,1972
FALSE,The Spirit of the Beehive ,El Espíritu de la Colmena,1973
FALSE,The Mother and the Whore ,La Maman et la Putain,1973
FALSE,Day for Night ,La Nuit Américaine,1973
FALSE,Fantastic Planet ,La Planéte Sauvage,1973
FALSE,Turkish Delight ,Turks Fruit,1973
FALSE,F for Fake ,Vérités et Mensonges,1973
FALSE,The Sting ,,1973
FALSE,High Plains Drifter ,,1973
FALSE,Badlands ,,1973
FALSE,American Graffiti ,,1973
FALSE,Papillon ,,1973
FALSE,The Long Goodbye ,,1973
FALSE,The Wicker Man ,,1973
FALSE,Enter the Dragon ,,1973
FALSE,Serpico ,,1973
FALSE,Don't Look Now ,,1973
FALSE,Mean Streets ,,1973
FALSE,Sleeper ,,1973
FALSE,The Exorcist ,,1973
FALSE,Pat Garrett and Billy the Kid ,,1973
FALSE,The Harder They Come ,,1973
FALSE,Amarcord ,,1973
FALSE,Ali: Fear Eats the Soul ,Angst Essen Seele Auf,1974
FALSE,Celine and Julie Go Boating ,Céline et Julie Vont en Bateau,1974
FALSE,The Mirror ,Zerkalo,1974
FALSE,The Towering Inferno ,,1974
FALSE,Bring Me the Head of Alfredo Garcia ,,1974
FALSE,The Godfather: Part II ,,1974
FALSE,The Conversation ,,1974
FALSE,Chinatown ,,1974
FALSE,A Woman Under the Influence ,,1974
FALSE,Young Frankenstein ,,1974
FALSE,The Texas Chain Saw Massacre ,,1974
FALSE,Blazing Saddles ,,1974
FALSE,Cria! ,Cría Cuervos,1975
FALSE,The Wall ,Deewaar,1975
FALSE,Fox and his Friends ,Faustrecht der Freiheit,1975
FALSE,Manila in the Claws of Brightness ,Maynila: sa Mga Kuko Ng Liwanag,1975
FALSE,The Travelling Players ,O Thiassos,1975
FALSE,"Salo, or the 120 Days of Sodom ",Salò o le Centoventi Giornate di Sodoma,1975
FALSE,Dersu Uzala ,,1975
FALSE,Barry Lyndon ,,1975
FALSE,The Rocky Horror Picture Show ,,1975
FALSE,"Jeanne Dielman, 23 Quai du Commerce, 1080 Bruxelles ",,1975
FALSE,Monty Python and the Holy Grail ,,1975
FALSE,Dog Day Afternoon ,,1975
FALSE,One Flew Over the Cuckoo's Nest ,,1975
FALSE,Nashville ,,1975
FALSE,Picnic at Hanging Rock ,,1975
FALSE,India Song ,,1975
FALSE,Jaws ,,1975
FALSE,In the Realm of the Senses ,Ai no Corrida,1976
FALSE,1900,Novecento,1976
FALSE,The Man Who Fell to Earth ,,1976
FALSE,All the President's Men ,,1976
FALSE,The Outlaw Josey Wales ,,1976
FALSE,The Killing of a Chinese Bookie ,,1976
FALSE,Network ,,1976
FALSE,Carrie ,,1976
FALSE,Taxi Driver ,,1976
FALSE,Rocky ,,1976
FALSE,Man of Marble ,Czlowiek z Marmuru,1977
FALSE,The American Friend ,Der Amerikanische Freund,1977
FALSE,Soldier of Orange ,Soldaat van Oranje,1977
FALSE,Ascent ,Voskhozhdeniye,1977
FALSE,Close Encounters of the Third Kind ,,1977
FALSE,The Last Wave ,,1977
TRUE,Star Wars ,,1977
FALSE,Stroszek ,,1977
FALSE,Ceddo ,,1977
FALSE,Annie Hall ,,1977
FALSE,Suspiria ,,1977
FALSE,Sleeping Dogs ,,1977
FALSE,Last Chants for a Slow Dance ,,1977
FALSE,Saturday Night Fever ,,1977
FALSE,Killer of Sheep ,,1977
FALSE,Eraserhead ,,1977
FALSE,The Hills Have Eyes ,,1977
FALSE,The Tree of Wooden Clogs ,L'albero Degli Zoccoli,1978
FALSE,Shaolin Master Killer ,Shao Lin San Shi Liu Fang,1978
FALSE,Five Deadly Venoms ,Wu Du,1978
FALSE,Days of Heaven ,,1978
FALSE,Halloween ,,1978
FALSE,The Chant of Jimmie Blacksmith ,,1978
FALSE,The Deer Hunter ,,1978
FALSE,Dawn of the Dead ,,1978
FALSE,Up in Smoke ,,1978
FALSE,Grease ,,1978
FALSE,Christ Stopped at Eboli ,Cristo si è Fermato a Eboli,1979
FALSE,The Tin Drum ,Die Blechtrommel,1979
FALSE,The Marriage of Maria Braun ,Die Ehe der Maria Braun,1979
FALSE,Nosferatu: Phantom of the Night ,Nosferatu: Phantom der Nacht,1979
FALSE,My Brilliant Career ,,1979
FALSE,Stalker ,,1979
FALSE,Life of Brian ,,1979
FALSE,Real Life ,,1979
FALSE,Breaking Away ,,1979
FALSE,Alien ,,1979
FALSE,Being There ,,1979
FALSE,Manhattan ,,1979
FALSE,Apocalypse Now ,,1979
FALSE,All That Jazz ,,1979
FALSE,The Muppet Movie ,,1979
FALSE,Mad Max ,,1979
FALSE,The Jerk ,,1979
FALSE,Kramer vs. Kramer ,,1979
FALSE,The Last Metro ,Le Dernier Métro,1980
FALSE,Ordinary People ,,1980
FALSE,Star Wars: Episode V - The Empire Strikes Back ,,1980
FALSE,Atlantic City ,,1980
FALSE,The Shining ,,1980
FALSE,The Elephant Man ,,1980
FALSE,The Big Red One ,,1980
FALSE,Loulou ,,1980
FALSE,Raging Bull ,,1980
FALSE,Airplane! ,,1980
FALSE,Man of Iron ,Czlowiek z Zelaza,1981
FALSE,The Boat ,Das Boot,1981
FALSE,Three Brothers ,Tre Fratelli,1981
FALSE,An American Werewolf in London ,,1981
FALSE,Diva ,,1981
FALSE,Raiders of the Lost Ark ,,1981
FALSE,Gallipoli ,,1981
FALSE,Chariots of Fire ,,1981
FALSE,Body Heat ,,1981
FALSE,Reds ,,1981
FALSE,Fanny and Alexander ,Fanny och Alexander,1982
FALSE,The Night of the Shooting Stars ,La Notte di San Lorenzo,1982
FALSE,"Too Early, Too Late ","Zu Früh, Zu Spät / Trop Tôt, Trop Tard",1982
FALSE,E.T.: The Extra-Terrestrial ,,1982
FALSE,The Evil Dead ,,1982
FALSE,Fast Times at Ridgemont High ,,1982
FALSE,Poltergeist ,,1982
FALSE,Yol ,,1982
FALSE,Blade Runner ,,1982
FALSE,Diner ,,1982
FALSE,Tootsie ,,1982
FALSE,Fitzcarraldo ,,1982
FALSE,Gandhi ,,1982
FALSE,The Thing ,,1982
FALSE,A Question of Silence ,,1982
FALSE,The Draughtsman's Contract ,,1982
FALSE,The Fourth Man ,De Vierde Man,1983
FALSE,Money ,L'Argent,1983
FALSE,The Last Battle ,Le Dernier Combat,1983
FALSE,The Ballad of Narayama ,Narayama Bushi-ko,1983
FALSE,Sunless ,Sans Soleil,1983
FALSE,A Christmas Story ,,1983
FALSE,The Right Stuff ,,1983
FALSE,The Big Chill ,,1983
TRUE,Star Wars: Episode VI - Return of the Jedi ,,1983
FALSE,Terms of Endearment ,,1983
FALSE,El Norte ,,1983
FALSE,Videodrome ,,1983
FALSE,Koyaanisqatsi ,,1983
FALSE,Scarface ,,1983
FALSE,The King of Comedy ,,1983
FALSE,Local Hero ,,1983
FALSE,Once Upon a Time in America ,,1983
FALSE,The Terminator ,,1984
FALSE,The Natural ,,1984
FALSE,Ghostbusters ,,1984
FALSE,"Paris, Texas ",,1984
FALSE,A Nightmare on Elm Street ,,1984
FALSE,This is Spinal Tap ,,1984
FALSE,A Passage to India ,,1984
FALSE,Beverly Hills Cop ,,1984
FALSE,The Killing Fields ,,1984
FALSE,Stranger than Paradise ,,1984
FALSE,Amadeus ,,1984
FALSE,Utu ,,1984
FALSE,Come and See ,Idi i Smotri,1985
FALSE,The Official Story ,La Historia Oficial,1985
FALSE,Vagabond ,Sans Toit ni Loi,1985
FALSE,The Time to Live and the Time to Die ,Tong Nien Wang Shi,1985
FALSE,Prizzi's Honor ,,1985
FALSE,The Breakfast Club ,,1985
FALSE,Mishima: A Life in Four Chapters ,,1985
FALSE,Out of Africa ,,1985
FALSE,Ran ,,1985
FALSE,Back to the Future ,,1985
FALSE,Brazil ,,1985
FALSE,Kiss of the Spider Woman ,,1985
FALSE,The Quiet Earth ,,1985
FALSE,The Purple Rose of Cairo ,,1985
FALSE,Shoah ,,1985
FALSE,The Color Purple ,,1985
FALSE,A Room with a View ,,1985
FALSE,Tampopo ,,1985
FALSE,The Horse Thief ,Dao Ma Zei,1986
FALSE,Peking Opera Blues ,Do Ma Daan,1986
FALSE,The Decline of the American Empire ,Le Déclin de l'Empire Américain,1986
FALSE,Manhunter ,,1986
FALSE,Blue Velvet ,,1986
FALSE,Hannah and Her Sisters ,,1986
FALSE,She's Gotta Have It ,,1986
FALSE,Children of a Lesser God ,,1986
FALSE,Caravaggio ,,1986
FALSE,Salvador ,,1986
FALSE,Platoon ,,1986
FALSE,Down By Law ,,1986
FALSE,Aliens ,,1986
FALSE,Ferris Bueller's Day Off ,,1986
FALSE,The Fly ,,1986
FALSE,Top Gun ,,1986
FALSE,Sherman's March ,,1986
FALSE,Stand By Me ,,1986
FALSE,"Project A, Part II ",A' Gai Waak Juk Jaap,1987
FALSE,Goodbye Children ,Au Revoir les Enfants,1987
FALSE,Babette's Feast ,Babbetes Gaestebud,1987
FALSE,Wings of Desire ,Der Himmel Über Berlin,1987
FALSE,Red Sorghum ,Hong Gao Liang,1987
FALSE,A Chinese Ghost Story ,Sinnui Yauman,1987
FALSE,Brightness ,Yeelen,1987
FALSE,Raising Arizona ,,1987
FALSE,Withnail and I ,,1987
FALSE,The Princess Bride ,,1987
FALSE,Full Metal Jacket ,,1987
FALSE,Broadcast News ,,1987
FALSE,"Good Morning, Vietnam ",,1987
FALSE,Moonstruck ,,1987
FALSE,Wall Street ,,1987
FALSE,The Untouchables ,,1987
FALSE,Fatal Attraction ,,1987
FALSE,The Dead ,,1987
FALSE,Housekeeping ,,1987
FALSE,RoboCop ,,1987
FALSE,The Decalogue ,Dekalog,1988
FALSE,Grave of the Fireflies ,Hotaru no Haka,1988
FALSE,Hotel Terminus: The Life and Times of Klaus Barbie ,Hôtel Terminus: Klaus Barbie et Son Temps,1988
FALSE,Women on the Verge of a Nervous Breakdown ,Mujeres al Borde de un Ataque de Nervios,1988
FALSE,Alice ,Neco z Alenky,1988
FALSE,Cinema Paradiso ,Nuovo Cinema Paradiso,1988
FALSE,The Vanishing ,Spoorloos,1988
FALSE,Landscape in the Mist ,Topio Stin Omichli,1988
FALSE,The Story of Women ,Une Affaire de Femmes,1988
FALSE,A Tale of the Wind ,Une Histoire de Vent,1988
FALSE,Bull Durham ,,1988
FALSE,Ariel ,,1988
FALSE,The Thin Blue Line ,,1988
FALSE,Akira ,,1988
FALSE,A Fish Called Wanda ,,1988
FALSE,The Naked Gun ,,1988
FALSE,Big ,,1988
TRUE,Who Framed Roger Rabbit? ,,1988
FALSE,Rain Man ,,1988
FALSE,Die Hard ,,1988
FALSE,Dangerous Liaisons ,,1988
FALSE,Dead Ringers ,,1988
FALSE,"Distant Voices, Still Lives ",,1988
FALSE,The Accidental Tourist ,,1988
FALSE,Drowning By Numbers ,,1988
FALSE,The Asthenic Syndrome ,Astenicheskij Sindrom,1989
FALSE,A City of Sadness ,Beiqing Chengshi,1989
FALSE,The Killer ,Die Xue Shuang Xiong,1989
TRUE,When Harry Met Sally ,,1989
FALSE,Crimes and Misdemeanors ,,1989
FALSE,Batman ,,1989
FALSE,Field of Dreams ,,1989
FALSE,Glory ,,1989
FALSE,"The Cook, the Thief, His Wife, & Her Lover ",,1989
FALSE,My Left Foot ,,1989
FALSE,Drugstore Cowboy ,,1989
FALSE,Do the Right Thing ,,1989
FALSE,The Unbelievable Truth ,,1989
FALSE,Roger & Me ,,1989
FALSE,"Sex, Lies, and Videotape ",,1989
FALSE,Say Anything ,,1989
FALSE,Tongues Untied ,,1989
FALSE,Tetsuo ,,1989
FALSE,Europa Europa ,Hitlerjunge Salomon,1990
FALSE,Close-Up ,Nema-ye Nazdik,1990
FALSE,"No Fear, No Die ",S'en Fout la Mort,1990
FALSE,Trust ,,1990
TRUE,Goodfellas ,,1990
FALSE,King of New York ,,1990
FALSE,Pretty Woman ,,1990
FALSE,Dances with Wolves ,,1990
FALSE,Henry: Portrait of a Serial Killer ,,1990
FALSE,Archangel ,,1990
TRUE,Total Recall ,,1990
TRUE,Edward Scissorhands ,,1990
FALSE,Reversal of Fortune ,,1990
FALSE,Jacob's Ladder ,,1990
FALSE,Raise the Red Lantern ,Da Hong Deng Long Gao Gao Gua,1991
FALSE,A Brighter Summer Day ,Guling Jie Shaonian Sha Ren Shijian,1991
FALSE,The Beautiful Troublemaker ,La Belle Noiseuse,1991
FALSE,The Double Life of Veronique ,La Double Vie de Véronique,1991
FALSE,Once Upon a Time in China ,Wong Fei-Hung,1991
FALSE,Boyz 'N the Hood ,,1991
FALSE,The Rapture ,,1991
FALSE,JFK ,,1991
FALSE,Slacker ,,1991
FALSE,Thelma & Louise ,,1991
FALSE,My Own Private Idaho ,,1991
FALSE,The Silence of the Lambs ,,1991
TRUE,Terminator 2: Judgment Day ,,1991
FALSE,Delicatessen ,,1991
FALSE,Hearts of Darkness: A Filmmaker's Apocalypse ,,1991
FALSE,Naked Lunch ,,1991
FALSE,Man Bites Dog ,C'est Arrivé Près de Chez Vous,1992
FALSE,A Tale of Winter ,Conte D'hiver,1992
FALSE,The Actress ,Yuen Ling-Yuk,1992
FALSE,Romper Stomper ,,1992
FALSE,Strictly Ballroom ,,1992
FALSE,The Player ,,1992
FALSE,Reservoir Dogs ,,1992
FALSE,Glengarry Glen Ross ,,1992
FALSE,Unforgiven ,,1992
FALSE,The Crying Game ,,1992
FALSE,Bram Stoker's Dracula ,,1992
FALSE,Candyman ,,1992
FALSE,Aileen Wuornos: The Selling of a Serial Killer ,,1992
FALSE,Farewell My Concubine ,Ba Wang Bie Ji,1993
FALSE,The Wedding Banquet ,Hsi Yen,1993
FALSE,The Puppetmaster ,Hsimeng Jensheng,1993
FALSE,The Blue Kite ,Lan Feng Zheng,1993
FALSE,Three Colors: Blue ,Trois Couleurs: Bleu,1993
FALSE,Philadelphia ,,1993
FALSE,Short Cuts ,,1993
TRUE,Schindler's List ,,1993
FALSE,Groundhog Day ,,1993
FALSE,The Piano ,,1993
FALSE,Thirty Two Short Films About Glenn Gould ,,1993
FALSE,Jurassic Park ,,1993
FALSE,The Age of Innocence ,,1993
FALSE,Dear Diary ,Caro Diario,1994
FALSE,Chungking Express ,Chong Qing Sen Lin,1994
FALSE,The Wild Reeds ,Les Roseaux Sauvages,1994
FALSE,The Kingdom ,Riget,1994
FALSE,Three Colors: Red ,Trois Couleurs: Rouge,1994
FALSE,Through the Olive Trees ,Zire Darakhatan Zeyton,1994
FALSE,The Lion King ,,1994
FALSE,The Last Seduction ,,1994
FALSE,Crumb ,,1994
FALSE,Heavenly Creatures ,,1994
FALSE,Pulp Fiction ,,1994
FALSE,Natural Born Killers ,,1994
FALSE,Muriel's Wedding ,,1994
FALSE,"The Adventures of Priscilla, Queen of the Desert ",,1994
FALSE,Hoop Dreams ,,1994
FALSE,Sátántangó ,,1994
FALSE,Clerks ,,1994
FALSE,Four Weddings and a Funeral ,,1994
FALSE,Forrest Gump ,,1994
FALSE,The Shawshank Redemption ,,1994
FALSE,Lamerica ,,1994
FALSE,The White Balloon ,Badkonake Sefid,1995
FALSE,The Brave-Hearted Will Take the Bride ,Dilwale Dulhaniya le Jayenge,1995
FALSE,Zero Kelvin ,Kjærlighetens Kjøtere,1995
FALSE,Cyclo ,Xich Lo,1995
FALSE,Braveheart ,,1995
FALSE,Deseret ,,1995
FALSE,Babe ,,1995
FALSE,Se7en ,,1995
FALSE,Smoke ,,1995
FALSE,Underground ,,1995
TRUE,Clueless ,,1995
FALSE,Safe ,,1995
FALSE,Heat ,,1995
FALSE,Toy Story ,,1995
FALSE,Dead Man ,,1995
FALSE,The Usual Suspects ,,1995
FALSE,Casino ,,1995
FALSE,Strange Days ,,1995
FALSE,Three Lives and Only One Death ,Trois Vies & Une Seule Mort,1996
FALSE,Trainspotting ,,1996
FALSE,Fargo ,,1996
FALSE,Gabbeh ,,1996
FALSE,Shine ,,1996
FALSE,Scream ,,1996
FALSE,Secrets & Lies ,,1996
FALSE,The English Patient ,,1996
FALSE,Lone Star ,,1996
FALSE,Breaking the Waves ,,1996
TRUE,Independence Day ,,1996
FALSE,The Pillow Book ,,1996
FALSE,Open Your Eyes ,Abre Los Ojos,1997
FALSE,Happy Together ,Cheun Gwong Tsa Sit,1997
FALSE,Mother and Son ,Mat' i Syn,1997
FALSE,Princess Mononoke ,Mononoke Hime,1997
FALSE,Taste of Cherry ,Ta'm e Guilass,1997
FALSE,The Ice Storm ,,1997
FALSE,Hana-Bi ,,1997
FALSE,Boogie Nights ,,1997
FALSE,L.A. Confidential ,,1997
FALSE,Funny Games ,,1997
FALSE,The Sweet Hereafter ,,1997
FALSE,Titanic ,,1997
FALSE,Deconstructing Harry ,,1997
FALSE,"Fast, Cheap, and Out of Control ",,1997
FALSE,The Butcher Boy ,,1997
FALSE,Kundun ,,1997
FALSE,The Celebration ,Festen,1998
FALSE,The Idiots ,Idioterne,1998
FALSE,Run Lola Run ,Lola Rennt,1998
FALSE,Ring ,Ringu,1998
FALSE,Saving Private Ryan ,,1998
FALSE,Rushmore ,,1998
FALSE,Buffalo '66 ,,1998
FALSE,Happiness ,,1998
FALSE,The Thin Red Line ,,1998
FALSE,"Lock, Stock, and Two Smoking Barrels ",,1998
FALSE,Pi ,,1998
FALSE,Sombre ,,1998
FALSE,There's Something About Mary ,,1998
FALSE,The Big Lebowski ,,1998
FALSE,The Wind Will Carry Us ,Bād mā rā Khāhad Bord,1999
FALSE,Taboo ,Gohatto,1999
FALSE,Attack the Gas Station ,Juyuso Seupgyeok Sageon,1999
FALSE,Audition ,Ōdishon,1999
FALSE,All About My Mother ,Todo Sobre mi Madre,1999
FALSE,Toy Story 2 ,,1999
TRUE,The Blair Witch Project ,,1999
FALSE,Being John Malkovich ,,1999
FALSE,The Sixth Sense ,,1999
FALSE,Three Kings ,,1999
FALSE,Magnolia ,,1999
TRUE,Fight Club ,,1999
FALSE,American Beauty ,,1999
FALSE,Beau Travail ,,1999
FALSE,The Matrix ,,1999
FALSE,Rosetta ,,1999
FALSE,Time Regained ,,1999
FALSE,Eyes Wide Shut ,,1999
FALSE,"Ali Zaoua, Prince of the Streets ","Ali Zaoua, Prince de la Rue",2000
FALSE,In the Mood for Love ,Dut Yeung Nin Wa,2000
FALSE,The Captive ,La Captive,2000
FALSE,The Gleaners and I ,Les Glaneurs et la Glaneuse,2000
FALSE,Nine Queens ,Nueve Reinas,2000
FALSE,"Crouching Tiger, Hidden Dragon ",Wo Hu Cang Long,2000
FALSE,A One and a Two ,Yi Yi,2000
TRUE,Gladiator ,,2000
FALSE,Kippur ,,2000
TRUE,Requiem for a Dream ,,2000
FALSE,Amores Perros ,,2000
FALSE,Memento ,,2000
TRUE,Meet the Parents ,,2000
FALSE,Signs & Wonders ,,2000
FALSE,Traffic ,,2000
FALSE,Dancer in the Dark ,,2000
FALSE,"O Brother, Where Art Thou? ",,2000
FALSE,The Piano Teacher ,La Pianiste,2001
FALSE,The Son's Room ,La Stanza del Figlio,2001
FALSE,Amélie ,Le Fabuleux Destin d' Amélie Poulain,2001
FALSE,What Time Is It There? ,Ni na Bian Ji Dian,2001
FALSE,Kandahar ,Safar e Ghandehar,2001
TRUE,Spirited Away ,Sen to Chihiro no Kamikakushi,2001
TRUE,The Lord of the Rings: The Fellowship of the Ring ,,2001
FALSE,No Man's Land ,,2001
FALSE,Y Tu Mama Tambien ,,2001
FALSE,Moulin Rouge ,,2001
FALSE,Monsoon Wedding ,,2001
FALSE,Fat Girl ,,2001
FALSE,Mulholland Drive ,,2001
FALSE,The Royal Tenenbaums ,,2001
FALSE,Lantana ,,2001
FALSE,A.I.: Artificial Intelligence ,,2001
FALSE,City of God ,Cidade de Deus,2002
FALSE,Talk to Her ,Hable Con Ella,2002
FALSE,Russian Ark ,Russkij Kovcheg,2002
FALSE,Distant ,Uzak,2002
FALSE,Hero ,Ying Xiong,2002
TRUE,The Lord of the Rings: The Two Towers ,,2002
FALSE,Gangs of New York ,,2002
FALSE,Bowling for Columbine ,,2002
FALSE,The Pianist ,,2002
FALSE,Adaptation. ,,2002
FALSE,Far from Heaven ,,2002
FALSE,Chicago ,,2002
FALSE,Rabbit-Proof Fence ,,2002
FALSE,Irreversible ,,2002
FALSE,Bus 174 ,,2002
FALSE,The Barbarian Invasions ,Les Invasions Barbares,2003
TRUE,The Lord of the Rings: The Return of the King ,,2003
FALSE,Elephant ,,2003
FALSE,Aileen: Life and Death of a Serial Killer ,,2003
FALSE,Oldboy ,,2003
FALSE,"Good Bye, Lenin! ",,2003
FALSE,Osama ,,2003
FALSE,"Kill Bill, Vol. 1 ",,2003
FALSE,The Best of Youth ,,2003
FALSE,Lost in Translation ,,2003
FALSE,3-Iron ,Bin-Jip,2004
FALSE,Downfall ,Der Untergang,2004
FALSE,Head-On ,Gegen Die Wand,2004
FALSE,The Consequences of Love ,Le Conseguenze dell’Amore,2004
FALSE,A Very Long Engagement ,Un Long Dimanche de Fiançailles,2004
FALSE,Moolaadé ,,2004
FALSE,Fahrenheit 9/11 ,,2004
FALSE,The Passion of the Christ ,,2004
FALSE,Collateral ,,2004
FALSE,The Aviator ,,2004
FALSE,Million Dollar Baby ,,2004
FALSE,Crash ,,2004
FALSE,Sideways ,,2004
FALSE,"Go, See, and Become ","Va, Vis et Deviens / Live and Become",2005
FALSE,Tsotsi ,,2005
FALSE,Brokeback Mountain ,,2005
FALSE,Paradise Now ,,2005
FALSE,Hidden ,,2005
FALSE,The Constant Gardener ,,2005
FALSE,The Lives of Others ,Das Leben der Anderen,2006
FALSE,Pan's Labyrinth ,El Laberinto del Fauno,2006
FALSE,The Host ,Gwoemul,2006
FALSE,Apocalypto ,,2006
TRUE,Borat: Cultural Learnings of America for Make Benefit Glorious Nation of Kazakhstan ,,2006
FALSE,Once ,,2006
FALSE,The Queen ,,2006
FALSE,The Prestige ,,2006
FALSE,Children of Men ,,2006
FALSE,United 93 ,,2006
FALSE,The Last King of Scotland ,,2006
FALSE,Babel ,,2006
FALSE,Volver ,,2006
FALSE,Little Miss Sunshine ,,2006
FALSE,The Departed ,,2006
FALSE,The Diving Bell and the Butterfly ,Le Scaphandre et le Papillon,2007
FALSE,Paranormal Activity ,,2007
FALSE,There Will Be Blood ,,2007
FALSE,La Vie en Rose ,,2007
FALSE,Into the Wild ,,2007
FALSE,Atonement ,,2007
FALSE,Surfwise ,,2007
FALSE,The Bourne Ultimatum ,,2007
TRUE,No Country for Old Men ,,2007
FALSE,The Class ,Entre les Murs,2008
FALSE,Gomorrah ,Gomorra,2008
FALSE,"The Good, the Bad, the Weird ",Joheun nom Nabbeun nom Isanghan nom,2008
FALSE,Let the Right One In ,Låt den Rätte Komma In,2008
FALSE,The Hurt Locker ,,2008
FALSE,Slumdog Millionaire ,,2008
FALSE,The Dark Knight ,,2008
FALSE,Wall-E ,,2008
FALSE,The Wrestler ,,2008
FALSE,The Curious Case of Benjamin Button ,,2008
FALSE,Anvil! The Story of Anvil ,,2008
FALSE,The White Ribbon ,Das Weisse Band: Eine Deutsche Kindergeschichte,2009
TRUE,District 9 ,,2009
TRUE,Avatar ,,2009
FALSE,An Education ,,2009
FALSE,Precious: Based on the Novel 'Push' by Sapphire ,,2009
FALSE,The Hangover ,,2009
FALSE,In the Loop ,,2009
FALSE,Fish Tank ,,2009
TRUE,Inglourious Basterds ,,2009
FALSE,Of Gods and Men ,Des Hommes et des Dieux,2010
FALSE,Nostalgia for the Light ,Nostalgia de la luz,2010
FALSE,Toy Story 3 ,,2010
FALSE,Black Swan ,,2010
FALSE,Inception ,,2010
FALSE,The Social Network ,,2010
FALSE,Monsters ,,2010
FALSE,Four Lions ,,2010
FALSE,True Grit ,,2010
FALSE,The King's Speech ,,2010
FALSE,Senna ,,2010
FALSE,Cave of Forgotten Dreams ,,2010
FALSE,A Separation ,Jodái-e Náder az Simin,2011
FALSE,The Kid with a Bike ,Le Gamin au vélo,2011
FALSE,The Artist ,,2011
TRUE,The Girl with the Dragon Tattoo ,,2011
FALSE,War Horse ,,2011
FALSE,The Descendants ,,2011
FALSE,Hugo ,,2011
FALSE,Le Havre ,,2011
FALSE,Shame ,,2011
FALSE,Tinker Tailor Soldier Spy ,,2011
FALSE,Bridesmaids ,,2011
FALSE,The Tree of Life ,,2011
FALSE,Drive ,,2011
TRUE,The Cabin in the Woods ,,2012
FALSE,Wadjda ,,2012
FALSE,Lincoln ,,2012
FALSE,Life of Pi ,,2012
FALSE,Les Misérables ,,2012
FALSE,Argo ,,2012
TRUE,Skyfall ,,2012
FALSE,Blancanieves ,,2012
FALSE,Amour ,,2012
FALSE,Django Unchained ,,2012
FALSE,The Act of Killing ,,2012
FALSE,The Great Beauty ,La grande bellezza,2013
TRUE,Blue Is the Warmest Color ,La vie d’Adèle - Chapitres 1 et 2,2013
FALSE,A Touch of Sin ,Tian zhu ding,2013
FALSE,Gravity ,,2013
TRUE,12 Years a Slave ,,2013
FALSE,Nebraska ,,2013
FALSE,Inside Llewyn Davis ,,2013
FALSE,American Hustle ,,2013
FALSE,Ida ,,2013
FALSE,Under the Skin ,,2013
FALSE,The Wolf of Wall Street ,,2013
FALSE,Leviathan ,Leviafan,2014
FALSE,Birdman: Or ,The Unexpected Virtue of Ignorance,2014
FALSE,Boyhood ,,2014
FALSE,Whiplash ,,2014
FALSE,The Grand Budapest Hotel ,,2014
FALSE,Citizenfour ,,2014
TRUE,Guardians of the Galaxy ,,2014
FALSE,The Theory of Everything ,,2014
FALSE,The Look of Silence ,,2014
FALSE,Son of Saul ,Saul fia,2015
TRUE,Star Wars: The Force Awakens ,,2015
TRUE,The Revenant ,,2015
FALSE,Bridge of Spies ,,2015
FALSE,The Big Short ,,2015
FALSE,Spotlight ,,2015
FALSE,Tangerine ,,2015
FALSE,Straight Outta Compton ,,2015
FALSE,Mad Max: Fury Road ,,2015
FALSE,Victoria ,,2015
TRUE,La La Land ,,2016
FALSE,Hell or High Water ,,2016
FALSE,The Jungle Book ,,2016
FALSE,Jackie ,,2016
FALSE,Toni Erdmann ,,2016
FALSE,Under the Shadow ,,2016
FALSE,Manchester by the Sea ,,2016
FALSE,"I, Daniel Blake ",,2016
FALSE,13th ,,2016
FALSE,Arrival ,,2016
FALSE,Moonlight ,,2016
FALSE,The Handmaiden ,,2016
FALSE,Dawson City: Frozen Time ,,2016
TRUE,Lady Macbeth ,,2016
FALSE,Lady Bird ,,2017
TRUE,The Shape of Water ,,2017
FALSE,"Three Billboards Outside Ebbing, Missouri ",,2017
FALSE,Call Me by Your Name ,,2017
FALSE,Mother! ,,2017
TRUE,Blade Runner 2049 ,,2017
TRUE,Get Out ,,2017
FALSE,Phantom Thread ,,2017
FALSE,The Greatest Showman ,,2017
TRUE,Black Panther ,,2018
FALSE,Crazy Rich Asians ,,2018
FALSE,Capernaum ,,2018
FALSE,A Star is Born ,,2018
TRUE,Avengers: Infinity War ,,2018
TRUE,Roma ,,2018
TRUE,Hereditary ,,2018
FALSE,The Favourite ,,2018
FALSE,Sorry to Bother You ,,2018
FALSE,Vice ,,2018
FALSE,BlacKkKlansman ,,2018
FALSE,Portrait of a Lady on Fire ,Portrait de la jeune fille en feu,2019
TRUE,Toy Story 4 ,,2019
TRUE,Avengers: Endgame ,,2019
FALSE,For Sama ,,2019
FALSE,Booksmart ,,2019
TRUE,Once Upon a Time in Hollywood ,,2019
FALSE,The Farewell ,,2019
TRUE,Joker ,,2019
TRUE,Parasite ,,2019
FALSE,Monos ,,2019
FALSE,Little Women ,,2019
FALSE,The Lighthouse ,,2019
